{"meta": {"format": 2, "version": "7.5.1", "timestamp": "2024-05-21T17:07:14.941741", "branch_coverage": false, "show_contexts": false}, "files": {"mathinterpreter/__init__.py": {"executed_lines": [1, 2, 3, 4], "summary": {"covered_lines": 4, "num_statements": 4, "percent_covered": 100.0, "percent_covered_display": "100", "missing_lines": 0, "excluded_lines": 0}, "missing_lines": [], "excluded_lines": []}, "mathinterpreter/calculate.py": {"executed_lines": [1, 2, 3, 6, 17, 18, 19, 20, 21, 22, 23, 24, 26, 27, 28], "summary": {"covered_lines": 15, "num_statements": 18, "percent_covered": 83.33333333333333, "percent_covered_display": "83", "missing_lines": 3, "excluded_lines": 0}, "missing_lines": [25, 29, 30], "excluded_lines": []}, "mathinterpreter/interpreter.py": {"executed_lines": [1, 2, 5, 6, 25, 26, 28, 29, 30, 31, 33, 34, 36, 37, 39, 40, 42, 43, 45, 46, 47, 48, 49, 51, 52, 53, 57, 58], "summary": {"covered_lines": 27, "num_statements": 29, "percent_covered": 93.10344827586206, "percent_covered_display": "93", "missing_lines": 2, "excluded_lines": 0}, "missing_lines": [54, 55], "excluded_lines": []}, "mathinterpreter/lexer.py": {"executed_lines": [1, 3, 4, 7, 8, 31, 32, 33, 35, 36, 37, 38, 39, 41, 42, 43, 44, 45, 46, 47, 48, 49, 50, 51, 52, 53, 54, 55, 56, 57, 58, 59, 62, 63, 64, 65, 66, 67, 68, 69, 70, 74, 75, 76, 77, 79, 82, 83, 84, 87, 88, 90, 91, 92, 93, 95], "summary": {"covered_lines": 55, "num_statements": 59, "percent_covered": 93.22033898305085, "percent_covered_display": "93", "missing_lines": 4, "excluded_lines": 0}, "missing_lines": [60, 61, 72, 85], "excluded_lines": []}, "mathinterpreter/nodes.py": {"executed_lines": [1, 4, 5, 6, 11, 13, 17, 18, 19, 24, 25, 27, 31, 32, 33, 38, 39, 41, 45, 46, 47, 52, 53, 55, 59, 60, 61, 66, 67, 69, 73, 74, 75, 80, 81, 83, 87, 88, 89, 102, 103, 105, 106, 109, 110, 111, 116, 118, 122, 123, 124, 129, 131], "summary": {"covered_lines": 44, "num_statements": 52, "percent_covered": 84.61538461538461, "percent_covered_display": "85", "missing_lines": 8, "excluded_lines": 0}, "missing_lines": [14, 28, 42, 56, 70, 84, 119, 132], "excluded_lines": []}, "mathinterpreter/parser.py": {"executed_lines": [1, 2, 5, 6, 29, 30, 31, 33, 36, 37, 38, 39, 40, 42, 43, 44, 46, 48, 51, 53, 54, 56, 60, 61, 62, 63, 64, 65, 67, 69, 70, 72, 78, 79, 80, 81, 82, 83, 84, 85, 86, 87, 88, 89, 91, 93, 94, 96, 97, 98, 100, 103, 104, 106, 107, 108], "summary": {"covered_lines": 55, "num_statements": 65, "percent_covered": 84.61538461538461, "percent_covered_display": "85", "missing_lines": 10, "excluded_lines": 0}, "missing_lines": [34, 49, 101, 110, 111, 112, 114, 115, 116, 118], "excluded_lines": []}, "mathinterpreter/tokens.py": {"executed_lines": [1, 2, 5, 6, 7, 8, 9, 10, 11, 12, 13, 14, 17, 18, 19, 20, 22], "summary": {"covered_lines": 17, "num_statements": 18, "percent_covered": 94.44444444444444, "percent_covered_display": "94", "missing_lines": 1, "excluded_lines": 0}, "missing_lines": [23], "excluded_lines": []}, "mathinterpreter/values.py": {"executed_lines": [1, 4, 5, 6, 8, 9], "summary": {"covered_lines": 6, "num_statements": 6, "percent_covered": 100.0, "percent_covered_display": "100", "missing_lines": 0, "excluded_lines": 0}, "missing_lines": [], "excluded_lines": []}, "tests/calculate_test.py": {"executed_lines": [1, 3, 6, 8, 9, 10, 12, 13, 14], "summary": {"covered_lines": 9, "num_statements": 9, "percent_covered": 100.0, "percent_covered_display": "100", "missing_lines": 0, "excluded_lines": 0}, "missing_lines": [], "excluded_lines": []}, "tests/interpreter_test.py": {"executed_lines": [1, 3, 4, 5, 8, 10, 11, 12, 14, 15, 16, 18, 19, 21, 22, 24, 25, 27, 28, 30, 31, 33, 34, 36, 37, 39, 40, 50, 51], "summary": {"covered_lines": 29, "num_statements": 29, "percent_covered": 100.0, "percent_covered_display": "100", "missing_lines": 0, "excluded_lines": 0}, "missing_lines": [], "excluded_lines": []}, "tests/lexer_test.py": {"executed_lines": [1, 3, 4, 7, 9, 10, 11, 13, 14, 15, 17, 18, 19, 27, 28, 29, 37, 38, 39, 44, 45, 46], "summary": {"covered_lines": 22, "num_statements": 22, "percent_covered": 100.0, "percent_covered_display": "100", "missing_lines": 0, "excluded_lines": 0}, "missing_lines": [], "excluded_lines": []}, "tests/nodes_test.py": {"executed_lines": [1, 3, 6, 15, 16, 17], "summary": {"covered_lines": 6, "num_statements": 6, "percent_covered": 100.0, "percent_covered_display": "100", "missing_lines": 0, "excluded_lines": 0}, "missing_lines": [], "excluded_lines": []}, "tests/parser_test.py": {"executed_lines": [1, 3, 4, 5, 8, 10, 11, 12, 13, 15, 16, 17, 18, 20, 31, 32, 38, 39, 41, 42, 56, 57], "summary": {"covered_lines": 22, "num_statements": 22, "percent_covered": 100.0, "percent_covered_display": "100", "missing_lines": 0, "excluded_lines": 0}, "missing_lines": [], "excluded_lines": []}}, "totals": {"covered_lines": 311, "num_statements": 339, "percent_covered": 91.74041297935104, "percent_covered_display": "92", "missing_lines": 28, "excluded_lines": 0}}